Workbook
Name DataBD: '[1]BD (12 Hours)'!$C$7:$L$94
Name DataBED: '[1]BED (12 Hours)'!$C$7:$L$206
Name DataGT: '[1]GT (12 Hours)'!$C$7:$L$206
Name DataPQ: '[1]PQ (12 Hours)'!$C$7:$L$205
Name DataUSFL: '[1]USFL (12 Hours)'!$C$7:$L$206
Name EmpBD: '[1]BD (12 Hours)'!$B$7:$B$94
Name EmpBED: '[1]BED (12 Hours)'!$B$7:$B$206
Name EmpGT: '[1]GT (12 Hours)'!$B$7:$B$206
Name EmpPQ: '[1]PQ (12 Hours)'!$B$7:$B$205
Name EmpUSFL: '[1]USFL (12 Hours)'!$B$7:$B$206
Name HolidayBD: '[1]BD (12 Hours)'!$M$7:$M$94
Name HolidayBD2: '[1]BD (12 Hours)'!$N$7:$N$94
Name HolidayBED: '[1]BED (12 Hours)'!$M$7:$M$206
Name HolidayBED2: '[1]BED (12 Hours)'!$N$7:$N$206
Name HolidayGT: '[1]GT (12 Hours)'!$M$7:$M$206
Name HolidayGT2: '[1]GT (12 Hours)'!$N$7:$N$206
Name HolidayPQ: '[1]PQ (12 Hours)'!$M$7:$M$205
Name HolidayPQ2: '[1]PQ (12 Hours)'!$N$7:$N$205
Name HolidayUSFL: '[1]USFL (12 Hours)'!$M$7:$M$206
Name HolidayUSFL2: '[1]USFL (12 Hours)'!$N$7:$N$206
Name NightBD: '[1]BD (12 Hours)'!$O$7:$O$94
Name NightBED: '[1]BED (12 Hours)'!$O$7:$O$206
Name NightGT: '[1]GT (12 Hours)'!$O$7:$O$206
Name NightPQ: '[1]PQ (12 Hours)'!$O$7:$O$205

Sheet Allowance
A1: SL | B1: EMP_ID | C1: Employee Name | D1: DeptName | E1: SectName | F1: DesigName | G1: JDate | H1: Employee Category | I1: Shift | J1: Basic | K1: Gross | L1: Working Base Hour
A2: 1 | B2: 70173 | C2: Md. Yeasin Arafat | D2: Production | E2: Allora | F2: Trainee Officer | G2: 45078 | H2: Staff | I2: Day | J2: 9783 | K2: 16305 | L2: 12
A3: 2 | B3: 70254 | C3: Md. Abdul Hoque | D3: Production | E3: Cutting Allora | F3: Senior Supervisor | G3: 39579 | H3: Staff | I3: Night | J3: 19392 | K3: 32321 | L3: 12
A4: 3 | B4: 70267 | C4: Nurjahan Akter | D4: Production | E4: Dynapot Allora | F4: General Quality Inspector | G4: 43834 | H4: Staff | I4: Night | J4: 9779 | K4: 16299 | L4: 8
A5: 4 | B5: 70278 | C5: Md. Amirul Islam | D5: Production | E5: Dynapot Allora | F5: Quality Inspector | G5: 36642 | H5: Staff | I5: Night | J5: 13734 | K5: 22891 | L5: 8
A6: 5 | B6: 70206 | C6: Md. Nazrul Islam | D6: Production | E6: Fabric Tearing | F6: Assistant | G6: 43996 | H6: Staff | I6: Day | J6: 9810 | K6: 16351 | L6: 8
A7: 6 | B7: 40005 | C7: Md. Kamal Hossain | D7: Production | E7: Fabric Tearing | F7: Head Fitter | G7: 44485 | H7: Staff | I7: Day | J7: 19620 | K7: 32700 | L7: 8
A8: 7 | B8: 40004 | C8: Md. Nuruzzaman Hosen | D8: Production | E8: Fabric Tearing | F8: Senior Fitter | G8: 44531 | H8: Staff | I8: Night | J8: 14715 | K8: 24526 | L8: 8
A9: 8 | B9: 70259 | C9: Md. Saddam | D9: Production | E9: Finishing Allora | F9: Senior Supervisor | G9: 39954 | H9: Staff | I9: Day | J9: 18770 | K9: 31282 | L9: 12
A10: 9 | B10: 70260 | C10: Md. Zaman Mia | D10: Production | E10: Finishing Allora | F10: Senior Packingman | G10: 39142 | H10: Staff | I10: Day | J10: 12370 | K10: 20618 | L10: 8
A11: 10 | B11: 70209 | C11: Md. Hasibul Hasan Mamun | D11: Production | E11: Heatbond | F11: Senior Supervisor | G11: 36968 | H11: Staff | I11: Night | J11: 19620 | K11: 32700 | L11: 12
A12: 11 | B12: 40001 | C12: Md. Tarikul Islam | D12: Production | E12: Heatbond | F12: Shift Engineer | G12: 44516 | H12: Staff | I12: Day | J12: 16350 | K12: 27251 | L12: 8
A13: 12 | B13: 40002 | C13: Md. Abu Bakker Siddik | D13: Production | E13: Heatbond | F13: Shift Engineer | G13: 44516 | H13: Staff | I13: Night | J13: 15696 | K13: 26160 | L13: 8
... A603: 602 | B603: 70061 | C603: Md. Arshad Ali | D603: Production | E603: Bottle | F603: Assistant | G603: 44228 | H603: Worker | I603: Day | J603: 7303 | K603: 13405 | L603: 12

Sheet Hour rate calculation
B4: Date | C4: ID | D4: Name | E4: Shift | F4: Actual Working hour | G4: Basic | H4: Gross | I4: Total | K4: Base Houre | L4: Overtime Houre | M4: Per Houre Rate
B5: 45809 | C5: 70173 | D5: Md. Yeasin Arafat | E5: Day | F5: 12 | G5: =IF(L5*M5>0,L5*M5,0) -> 0 | H5: =VLOOKUP(C5,data[[EMP_ID]:[Working Base Hour]],10,FALSE)/30 -> 543.5 | I5: =G5+H5 -> 543.5 | K5: =VLOOKUP(C5,data[[EMP_ID]:[Working Base Hour]],11,FALSE) -> 12 | L5: =F5-K5 -> 0 | M5: =VLOOKUP(C5,data[[EMP_ID]:[Working Base Hour]],9,FALSE)/'Hour rate calculation'!K5/30 -> 27.175
B6: 45809 | C6: 70259 | D6: Md. Saddam | E6: Night | F6: 16 | G6: =IF(L6*M6>0,L6*M6,0) -> 208.55556 | H6: =VLOOKUP(C6,data[[EMP_ID]:[Working Base Hour]],10,FALSE)/30 -> 1042.7333 | I6: =G6+H6 -> 1251.2889 | K6: =VLOOKUP(C6,data[[EMP_ID]:[Working Base Hour]],11,FALSE) -> 12 | L6: =F6-K6 -> 4 | M6: =VLOOKUP(C6,data[[EMP_ID]:[Working Base Hour]],9,FALSE)/'Hour rate calculation'!K6/30 -> 52.138889
B7: 45809 | C7: 70260 | D7: Md. Zaman Mia | E7: Night | F7: 12 | G7: =IF(L7*M7>0,L7*M7,0) -> 206.16667 | H7: =VLOOKUP(C7,data[[EMP_ID]:[Working Base Hour]],10,FALSE)/30 -> 687.26667 | I7: =G7+H7 -> 893.43333 | K7: =VLOOKUP(C7,data[[EMP_ID]:[Working Base Hour]],11,FALSE) -> 8 | L7: =F7-K7 -> 4 | M7: =VLOOKUP(C7,data[[EMP_ID]:[Working Base Hour]],9,FALSE)/'Hour rate calculation'!K7/30 -> 51.541667
B8: 45809 | C8: 70209 | D8: Md. Hasibul Hasan Mamun | E8: Night | F8: 12 | G8: =IF(L8*M8>0,L8*M8,0) -> 0 | H8: =VLOOKUP(C8,data[[EMP_ID]:[Working Base Hour]],10,FALSE)/30 -> 1090 | I8: =G8+H8 -> 1090 | K8: =VLOOKUP(C8,data[[EMP_ID]:[Working Base Hour]],11,FALSE) -> 12 | L8: =F8-K8 -> 0 | M8: =VLOOKUP(C8,data[[EMP_ID]:[Working Base Hour]],9,FALSE)/'Hour rate calculation'!K8/30 -> 54.5
B9: 45809 | C9: 40001 | D9: Md. Tarikul Islam | E9: Day | F9: 13 | G9: =IF(L9*M9>0,L9*M9,0) -> 340.625 | H9: =VLOOKUP(C9,data[[EMP_ID]:[Working Base Hour]],10,FALSE)/30 -> 908.36667 | I9: =G9+H9 -> 1248.9917 | K9: =VLOOKUP(C9,data[[EMP_ID]:[Working Base Hour]],11,FALSE) -> 8 | L9: =F9-K9 -> 5 | M9: =VLOOKUP(C9,data[[EMP_ID]:[Working Base Hour]],9,FALSE)/'Hour rate calculation'!K9/30 -> 68.125
B10: 45809 | C10: 40002 | D10: Md. Abu Bakker Siddik | E10: Day | F10: 15 | G10: =IF(L10*M10>0,L10*M10,0) -> 457.8 | H10: =VLOOKUP(C10,data[[EMP_ID]:[Working Base Hour]],10,FALSE)/30 -> 872 | I10: =G10+H10 -> 1329.8 | K10: =VLOOKUP(C10,data[[EMP_ID]:[Working Base Hour]],11,FALSE) -> 8 | L10: =F10-K10 -> 7 | M10: =VLOOKUP(C10,data[[EMP_ID]:[Working Base Hour]],9,FALSE)/'Hour rate calculation'!K10/30 -> 65.4
B11: 45809 | C11: 70273 | D11: Md. Mahabur Rahaman | E11: Night | F11: 13 | G11: =IF(L11*M11>0,L11*M11,0) -> 203.3125 | H11: =VLOOKUP(C11,data[[EMP_ID]:[Working Base Hour]],10,FALSE)/30 -> 542.16667 | I11: =G11+H11 -> 745.47917 | K11: =VLOOKUP(C11,data[[EMP_ID]:[Working Base Hour]],11,FALSE) -> 8 | L11: =F11-K11 -> 5 | M11: =VLOOKUP(C11,data[[EMP_ID]:[Working Base Hour]],9,FALSE)/'Hour rate calculation'!K11/30 -> 40.6625
B12: 45809 | C12: 70274 | D12: Rakib Mulla | E12: Day | F12: 9 | G12: =IF(L12*M12>0,L12*M12,0) -> 0 | H12: =VLOOKUP(C12,data[[EMP_ID]:[Working Base Hour]],10,FALSE)/30 -> 542.16667 | I12: =G12+H12 -> 542.16667 | K12: =VLOOKUP(C12,data[[EMP_ID]:[Working Base Hour]],11,FALSE) -> 12 | L12: =F12-K12 -> -3 | M12: =VLOOKUP(C12,data[[EMP_ID]:[Working Base Hour]],9,FALSE)/'Hour rate calculation'!K12/30 -> 27.108333
B13: 45809 | C13: 70275 | D13: Md.Ibrahim Hossain | E13: Day | F13: 11 | G13: =IF(L13*M13>0,L13*M13,0) -> 0 | H13: =VLOOKUP(C13,data[[EMP_ID]:[Working Base Hour]],10,FALSE)/30 -> 617.76667 | I13: =G13+H13 -> 617.76667 | K13: =VLOOKUP(C13,data[[EMP_ID]:[Working Base Hour]],11,FALSE) -> 12 | L13: =F13-K13 -> -1 | M13: =VLOOKUP(C13,data[[EMP_ID]:[Working Base Hour]],9,FALSE)/'Hour rate calculation'!K13/30 -> 30.888889
B14: 45809 | C14: 70268 | D14: Nazrul Islam | E14: Night | F14: 12 | G14: =IF(L14*M14>0,L14*M14,0) -> 174.06667 | H14: =VLOOKUP(C14,data[[EMP_ID]:[Working Base Hour]],10,FALSE)/30 -> 580.2 | I14: =G14+H14 -> 754.26667 | K14: =VLOOKUP(C14,data[[EMP_ID]:[Working Base Hour]],11,FALSE) -> 8 | L14: =F14-K14 -> 4 | M14: =VLOOKUP(C14,data[[EMP_ID]:[Working Base Hour]],9,FALSE)/'Hour rate calculation'!K14/30 -> 43.516667
B15: 45810 | C15: 70173 | D15: Md. Yeasin Arafat | E15: Day | F15: 12 | G15: =IF(L15*M15>0,L15*M15,0) -> 0 | H15: =VLOOKUP(C15,data[[EMP_ID]:[Working Base Hour]],10,FALSE)/30 -> 543.5 | I15: =G15+H15 -> 543.5 | K15: =VLOOKUP(C15,data[[EMP_ID]:[Working Base Hour]],11,FALSE) -> 12 | L15: =F15-K15 -> 0 | M15: =VLOOKUP(C15,data[[EMP_ID]:[Working Base Hour]],9,FALSE)/'Hour rate calculation'!K15/30 -> 27.175
B16: 45810 | C16: 70259 | D16: Md. Saddam | E16: Night | F16: 13 | G16: =IF(L16*M16>0,L16*M16,0) -> 52.138889 | H16: =VLOOKUP(C16,data[[EMP_ID]:[Working Base Hour]],10,FALSE)/30 -> 1042.7333 | I16: =G16+H16 -> 1094.8722 | K16: =VLOOKUP(C16,data[[EMP_ID]:[Working Base Hour]],11,FALSE) -> 12 | L16: =F16-K16 -> 1 | M16: =VLOOKUP(C16,data[[EMP_ID]:[Working Base Hour]],9,FALSE)/'Hour rate calculation'!K16/30 -> 52.138889
... B28: 45816 | C28: 70173 | D28: Md. Yeasin Arafat | E28: Day | F28: 12 | G28: =IF(L28*M28>0,L28*M28,0) -> 0 | H28: =VLOOKUP(C28,data[[EMP_ID]:[Working Base Hour]],10,FALSE)/30 -> 543.5 | I28: =G28+H28 -> 543.5 | K28: =VLOOKUP(C28,data[[EMP_ID]:[Working Base Hour]],11,FALSE) -> 12 | L28: =F28-K28 -> 0 | M28: =VLOOKUP(C28,data[[EMP_ID]:[Working Base Hour]],9,FALSE)/'Hour rate calculation'!K28/30 -> 27.175
E30: answer
C32: ID | D32: Name | E32: Shift | F32: Actual Working hour | G32: Basic | H32: Gross | I32: Total
C33: 70173 | D33: Md. Yeasin Arafat | E33: Day | F33: 12 | G33: 0 | H33: 543 | I33: 543
C34: 70259 | D34: Md. Saddam | E34: Night | F34: 16 | G34: 208 | H34: 1042 | I34: 1251
C35: 70260 | D35: Md. Zaman Mia | E35: Night | F35: 12 | G35: 206 | H35: 687 | I35: 893
C36: 70209 | D36: Md. Hasibul Hasan Mamun | E36: Night | F36: 12 | G36: 0 | H36: 1090 | I36: 1090
C37: 40001 | D37: Md. Tarikul Islam | E37: Day | F37: 13 | G37: 340 | H37: 908 | I37: 1248
C38: 40002 | D38: Md. Abu Bakker Siddik | E38: Day | F38: 15 | G38: 457 | H38: 872 | I38: 1329
C39: 70273 | D39: Md. Mahabur Rahaman | E39: Night | F39: 13 | G39: 203 | H39: 542 | I39: 745
C40: 70274 | D40: Rakib Mulla | E40: Day | F40: 9 | G40: 0 | H40: 0 | I40: 0
C41: 70275 | D41: Md.Ibrahim Hossain | E41: Day | F41: 11 | G41: 0 | H41: 0 | I41: 0
C42: 70268 | D42: Nazrul Islam | E42: Night | F42: 12 | G42: 174 | H42: 580 | I42: 754
C43: 70173 | D43: Md. Yeasin Arafat | E43: Day | F43: 12 | G43: 0 | H43: 543 | I43: 543
C44: 70259 | D44: Md. Saddam | E44: Night | F44: 13 | G44: 52 | H44: 1042 | I44: 1094
... C56: 70173 | D56: Md. Yeasin Arafat | E56: Day | F56: 12 | G56: 0 | H56: 543 | I56: 543
